{
    "doctrine/annotations": {
        "version": "2.0",
        "recipe": {
            "repo": "github.com/symfony/recipes",
            "branch": "main",
            "version": "1.10",
            "ref": "64d8583af5ea57b7afa4aba4b159907f3a148b05"
        }
    },
    "doctrine/cache": {
        "version": "2.2.0"
    },
    "doctrine/collections": {
        "version": "2.2.2"
    },
    "doctrine/common": {
        "version": "3.4.5"
    },
    "doctrine/dbal": {
        "version": "3.9.3"
    },
    "doctrine/deprecations": {
        "version": "1.1.3"
    },
    "doctrine/doctrine-bundle": {
        "version": "2.13",
        "recipe": {
            "repo": "github.com/symfony/recipes",
            "branch": "main",
            "version": "2.4",
            "ref": "91690c0a440faba1a3676256bcca2b4aa9f55b72"
        },
        "files": [
            "./config/packages/doctrine.yaml",
            "./src/Entity/.gitignore",
            "./src/Repository/.gitignore"
        ]
    },
    "doctrine/doctrine-migrations-bundle": {
        "version": "3.3",
        "recipe": {
            "repo": "github.com/symfony/recipes",
            "branch": "main",
            "version": "3.1",
            "ref": "1d01ec03c6ecbd67c3375c5478c9a423ae5d6a33"
        },
        "files": [
            "./config/packages/doctrine_migrations.yaml",
            "./migrations/.gitignore"
        ]
    },
    "doctrine/event-manager": {
        "version": "2.0.1"
    },
    "doctrine/inflector": {
        "version": "2.0.10"
    },
    "doctrine/instantiator": {
        "version": "2.0.0"
    },
    "doctrine/lexer": {
        "version": "3.0.1"
    },
    "doctrine/migrations": {
        "version": "3.5.5"
    },
    "doctrine/orm": {
        "version": "2.20.0"
    },
    "doctrine/persistence": {
        "version": "3.4.0"
    },
    "doctrine/sql-formatter": {
        "version": "1.5.1"
    },
    "friendsofphp/proxy-manager-lts": {
        "version": "v1.0.18"
    },
    "laminas/laminas-code": {
        "version": "4.15.1"
    },
    "nikic/php-parser": {
        "version": "v4.19.4"
    },
    "psr/cache": {
        "version": "3.0.0"
    },
    "psr/container": {
        "version": "2.0.2"
    },
    "psr/event-dispatcher": {
        "version": "1.0.0"
    },
    "psr/log": {
        "version": "3.0.0"
    },
    "sensio/framework-extra-bundle": {
        "version": "6.2",
        "recipe": {
            "repo": "github.com/symfony/recipes",
            "branch": "main",
            "version": "5.2",
            "ref": "fb7e19da7f013d0d422fa9bce16f5c510e27609b"
        },
        "files": [
            "./config/packages/sensio_framework_extra.yaml"
        ]
    },
    "symfony/cache": {
        "version": "v6.1.0"
    },
    "symfony/cache-contracts": {
        "version": "v3.1.0"
    },
    "symfony/config": {
        "version": "v6.1.0"
    },
    "symfony/console": {
        "version": "6.1",
        "recipe": {
            "repo": "github.com/symfony/recipes",
            "branch": "main",
            "version": "5.3",
            "ref": "da0c8be8157600ad34f10ff0c9cc91232522e047"
        },
        "files": [
            "bin/console"
        ]
    },
    "symfony/dependency-injection": {
        "version": "v6.1.0"
    },
    "symfony/deprecation-contracts": {
        "version": "v3.1.0"
    },
    "symfony/doctrine-bridge": {
        "version": "v6.1.11"
    },
    "symfony/dotenv": {
        "version": "v6.1.0"
    },
    "symfony/error-handler": {
        "version": "v6.1.0"
    },
    "symfony/event-dispatcher": {
        "version": "v6.1.0"
    },
    "symfony/event-dispatcher-contracts": {
        "version": "v3.1.0"
    },
    "symfony/filesystem": {
        "version": "v6.1.0"
    },
    "symfony/finder": {
        "version": "v6.1.0"
    },
    "symfony/flex": {
        "version": "2.1",
        "recipe": {
            "repo": "github.com/symfony/recipes",
            "branch": "main",
            "version": "1.0",
            "ref": "c0eeb50665f0f77226616b6038a9b06c03752d8e"
        },
        "files": [
            ".env"
        ]
    },
    "symfony/framework-bundle": {
        "version": "6.1",
        "recipe": {
            "repo": "github.com/symfony/recipes",
            "branch": "main",
            "version": "5.4",
            "ref": "3cd216a4d007b78d8554d44a5b1c0a446dab24fb"
        },
        "files": [
            "config/packages/cache.yaml",
            "config/packages/framework.yaml",
            "config/preload.php",
            "config/routes/framework.yaml",
            "config/services.yaml",
            "public/index.php",
            "src/Controller/.gitignore",
            "src/Kernel.php"
        ]
    },
    "symfony/http-client": {
        "version": "v6.1.0"
    },
    "symfony/http-client-contracts": {
        "version": "v3.1.0"
    },
    "symfony/http-foundation": {
        "version": "v6.1.0"
    },
    "symfony/http-kernel": {
        "version": "v6.1.0"
    },
    "symfony/mailer": {
        "version": "6.1",
        "recipe": {
            "repo": "github.com/symfony/recipes",
            "branch": "main",
            "version": "4.3",
            "ref": "09051cfde49476e3c12cd3a0e44289ace1c75a4f"
        },
        "files": [
            "config/packages/mailer.yaml"
        ]
    },
    "symfony/maker-bundle": {
        "version": "1.50",
        "recipe": {
            "repo": "github.com/symfony/recipes",
            "branch": "main",
            "version": "1.0",
            "ref": "fadbfe33303a76e25cb63401050439aa9b1a9c7f"
        }
    },
    "symfony/messenger": {
        "version": "6.1",
        "recipe": {
            "repo": "github.com/symfony/recipes",
            "branch": "main",
            "version": "6.0",
            "ref": "2523f7d31488903e247a522e760dc279be7f7aaf"
        },
        "files": [
            "config/packages/messenger.yaml"
        ]
    },
    "symfony/notifier": {
        "version": "6.1",
        "recipe": {
            "repo": "github.com/symfony/recipes",
            "branch": "main",
            "version": "5.0",
            "ref": "c31585e252b32fe0e1f30b1f256af553f4a06eb9"
        },
        "files": [
            "config/packages/notifier.yaml"
        ]
    },
    "symfony/phpunit-bridge": {
        "version": "6.1",
        "recipe": {
            "repo": "github.com/symfony/recipes",
            "branch": "main",
            "version": "5.3",
            "ref": "97cb3dc7b0f39c7cfc4b7553504c9d7b7795de96"
        },
        "files": [
            ".env.test",
            "bin/phpunit",
            "phpunit.xml.dist",
            "tests/bootstrap.php"
        ]
    },
    "symfony/polyfill-intl-grapheme": {
        "version": "v1.26.0"
    },
    "symfony/polyfill-intl-normalizer": {
        "version": "v1.26.0"
    },
    "symfony/polyfill-mbstring": {
        "version": "v1.26.0"
    },
    "symfony/process": {
        "version": "v6.1.11"
    },
    "symfony/routing": {
        "version": "6.1",
        "recipe": {
            "repo": "github.com/symfony/recipes",
            "branch": "main",
            "version": "6.1",
            "ref": "a44010c0d06989bd4f154aa07d2542d47caf5b83"
        },
        "files": [
            "config/packages/routing.yaml",
            "config/routes.yaml"
        ]
    },
    "symfony/runtime": {
        "version": "v6.1.0"
    },
    "symfony/service-contracts": {
        "version": "v3.1.0"
    },
    "symfony/slack-notifier": {
        "version": "6.1",
        "recipe": {
            "repo": "github.com/symfony/recipes",
            "branch": "main",
            "version": "5.2",
            "ref": "192bc241a3095c6861353e5a7a652ad35659ca92"
        }
    },
    "symfony/stopwatch": {
        "version": "v6.1.11"
    },
    "symfony/string": {
        "version": "v6.1.0"
    },
    "symfony/var-dumper": {
        "version": "v6.1.0"
    },
    "symfony/var-exporter": {
        "version": "v6.1.0"
    },
    "symfony/yaml": {
        "version": "v6.1.0"
    }
}
