{
    "type": "project",
    "license": "MIT",
    "minimum-stability": "stable",
    "prefer-stable": true,
    "require": {
        "php": ">=8.1",
        "ext-ctype": "*",
        "ext-iconv": "*",
        "doctrine/annotations": "*",
        "doctrine/doctrine-bundle": "^2.13",
        "doctrine/doctrine-migrations-bundle": "^3.3",
        "doctrine/orm": "^3.3",
        "guzzlehttp/guzzle": "^7.9",
        "symfony/console": "6.1.*",
        "symfony/dotenv": "6.1.*",
        "symfony/flex": "^2",
        "symfony/framework-bundle": "6.1.*",
        "symfony/http-client": "6.1.*",
        "symfony/mailer": "6.1.*",
        "symfony/messenger": "6.1.*",
        "symfony/notifier": "6.1.*",
        "symfony/runtime": "6.1.*",
        "symfony/slack-notifier": "6.1.*",
        "symfony/translation": "6.1.*",
        "symfony/yaml": "6.1.*"
    },
    "config": {
        "allow-plugins": {
            "composer/package-versions-deprecated": true,
            "symfony/flex": true,
            "symfony/runtime": true
        },
        "optimize-autoloader": true,
        "preferred-install": {
            "*": "dist"
        },
        "sort-packages": true
    },
    "autoload": {
        "psr-4": {
            "App\\": "src/"
        }
    },
    "autoload-dev": {
        "psr-4": {
            "App\\Tests\\": "tests/"
        }
    },
    "replace": {
        "symfony/polyfill-ctype": "*",
        "symfony/polyfill-iconv": "*",
        "symfony/polyfill-php72": "*",
        "symfony/polyfill-php73": "*",
        "symfony/polyfill-php74": "*",
        "symfony/polyfill-php80": "*",
        "symfony/polyfill-php81": "*"
    },
    "scripts": {
        "auto-scripts": {
            "cache:clear": "symfony-cmd",
            "assets:install %PUBLIC_DIR%": "symfony-cmd"
        },
        "post-install-cmd": [
            "@auto-scripts"
        ],
        "post-update-cmd": [
            "@auto-scripts"
        ]
    },
    "conflict": {
        "symfony/symfony": "*"
    },
    "extra": {
        "symfony": {
            "allow-contrib": false,
            "require": "6.1.*"
        }
    },
    "require-dev": {
        "symfony/maker-bundle": "*",
        "symfony/phpunit-bridge": "^6.1"
    }
}
